secID,名称,首次,最后,价格,连板,涨幅%,题材,涨停原因,题材（G）,tradeDate
000557.XSHE,西部创业,09:25,09:25,6.26,2,10.02,股权转让,股权转让 公司实控人拟变更为国家能源更多...,一带一路 国企改革 煤炭概念 股权转让 西部开发 地方国企改革,2024-11-08
000564.XSHE,供销大集,09:25,09:25,2.88,4,9.92,大消费,大消费 实控人中华全国供销合作总社更多...,供销社 海南自贸区 无人零售 农村电商 电子商务 新零售 乡村振兴 标普道琼斯A股 网络直播 冷链物流 跨境电商 社区团购 抖音概念 百度概念 统一大市场 摘帽 2024中报预增 抖音小店 京东概念 商超百货 陕西自贸区 西安自贸区 海航系,2024-11-08
000826.XSHE,启迪环境,09:25,09:25,2.89,2,9.89,股权转让,股权转让 公司控股股东50万股将被司更多...,汽车拆解概念 土壤修复 污水处理 新型城镇化 节能环保 固废处理 PPP概念 地下管网 雄安新区 乡村振兴 锂电池概念 垃圾分类 标普道琼斯A股 医疗废物处理 碳中和 人工智能 新能源汽车 数字经济 动力电池回收 车联网(车路协同) 无人驾驶 农村环境治理 危废处理 美丽中国,2024-11-08
000929.XSHE,兰州黄河,09:25,09:25,8.78,1,10.03,大消费,大消费 西北地区啤酒小龙头，公司实更多...,壳资源 啤酒概念 污水处理 兰州自贸区,2024-11-08
000981.XSHE,山子高科,09:25,09:25,2.0,4,9.89,房地产,房地产 立足宁波本土的区域性龙头房更多...,汽车拆解概念 减速器 比亚迪概念 新能源汽车 物联网 高端装备 华为汽车 集成电路概念 先进封装 上海自贸区 蔚来汽车概念 汽车制造概念,2024-11-08
002510.XSHE,天汽模,09:25,09:25,6.74,3,9.95,特斯拉,特斯拉 全球规模最大的汽车覆盖件模更多...,国产软件 长安汽车概念 无人机 京津冀一体化 特斯拉概念 军工 新能源汽车 军民融合 恒大概念 大飞机 比亚迪概念 华为汽车 通用航空 宁德时代概念 创投 理想汽车概念 小鹏汽车概念 蔚来汽车概念 北汽新能源,2024-11-08
002547.XSHE,春兴精工,09:25,09:25,4.79,3,10.11,特斯拉,特斯拉 1、公司新能源汽车领域主要更多...,一体化压铸 减速器 工业4.0 5G 军工 特斯拉概念 标普道琼斯A股 光伏概念 消费电子概念 储能 新能源汽车 芯片概念 比亚迪概念 小鹏汽车概念 射频器 3D玻璃 基站射频 融资租赁,2024-11-08
002673.XSHE,西部证券,09:25,09:25,10.0,1,10.01,大金融,大金融 公司拟38亿收购国融近65更多...,期货概念 国企改革 MSCI概念 标普道琼斯A股 地方国企改革 参股基金,2024-11-08
002892.XSHE,科力尔,09:25,09:25,17.67,1,10.02,机器人,机器人 1、公司在伺服系统等领域实更多...,工业母机 华为汽车 新型工业化 机器人概念 智能家居 华为概念 专精特新 新能源汽车 人民币贬值受益 工业4.0 智能制造 小米概念 3D打印 电机电控 国产替代,2024-11-08
300484.XSHE,蓝海华腾,09:25,09:25,27.59,1,20.01,新能源汽车,飞行汽车/eVTOL 1、国内电动汽车电机控制器更多...,低空经济 新型工业化 比亚迪概念 工业4.0 新能源汽车 锂电池概念 粤港澳大湾区 芯片概念 燃料电池 第三代半导体 高压快充 MCU芯片 专精特新 智能制造 智能物流 固态电池 数字孪生 传感器 边缘计算 IGBT 碳化硅 北汽新能源 电机电控 锂电原料 新能源物流车,2024-11-08
600206.XSHG,有研新材,09:25,09:25,14.62,2,10.01,稀土永磁,稀土磁材 公司打造稀土金属-稀土磁性更多...,芯片概念 中芯国际概念 OLED 新材料概念 稀土永磁 小金属概念 军工 华为概念 5G 标普道琼斯A股 医疗器械概念 雄安新区 牙科医疗 国企改革 京津冀一体化 固态电池 央企国企改革 OLED材料 砷化镓 靶材 钌催化剂,2024-11-08
600210.XSHG,紫江企业,09:25,09:25,8.49,3,9.97,新能源汽车,固态电池 控股子公司紫江新材主营产品更多...,飞行汽车(eVTOL) 可降解塑料 固态电池 锂电池概念 创投 标普道琼斯A股 大飞机 节能环保 比亚迪概念 毫米波雷达 高股息精选 低空经济 新兴板概念,2024-11-08
600654.XSHG,中安科,09:25,09:25,3.33,2,9.9,华为产业链,华为产业链 全资子公司深圳豪恩与华为生更多...,网络安全 国产软件 智能交通 安防 智慧城市 华为概念 比亚迪概念 摘帽 2024中报预增 服务机器人 消防装备,2024-11-08
603222.XSHG,济民健康,09:25,09:25,7.65,1,10.07,海南自由贸易港,海南自由贸易港 公司子公司博鳌国际医院拥有更多...,细胞免疫治疗 抗原检测 民营医院 医疗器械概念 医美概念 幽门螺杆菌概念 生物医药 干细胞 体外诊断,2024-11-08
603366.XSHG,日出东方,09:25,09:25,7.17,5,9.97,新能源汽车,新能源汽车 公司携手华为打造苏北首座全更多...,家用电器 建筑节能 网红经济 创投 区块链 快手概念 光伏概念 空气能热泵 储能 智能制造 参股民营银行 太阳能,2024-11-08
603955.XSHG,大千生态,09:25,09:25,14.1,4,9.98,股权转让,股权转让 公司控股股东拟由大千投资变更多...,新型城镇化 PPP概念 雄安新区 特色小镇 碳中和 旅游概念 园林开发 美丽中国,2024-11-08
000605.XSHE,渤海股份,09:25,09:30,8.09,4,10.07,环保,环保 实控人天津市国资委；公司拥更多...,污水处理 固废处理 PPP概念 京津冀一体化 雄安新区 国企改革 养老概念 地方国企改革 天津国企改革,2024-11-08
000635.XSHE,英力特,09:30,09:30,10.16,1,9.96,其他,国企改革 国家能源集团旗下，电石产品更多...,消毒剂 氢能源 国企改革 光伏概念 央企国企改革 2024中报预增 电石 PVC 4D打印,2024-11-08
600292.XSHG,远达环保,09:31,09:32,13.94,2,10.02,资产重组,资产重组 公司拟定增收购五凌电力10更多...,碳中和 污水处理 节能环保 PM2.5 土壤修复 PPP概念 期货概念 乡村振兴 国企改革 动力电池回收 绿色电力 央企国企改革 太阳能 节能减排 脱硫脱硝 美丽中国 电力改革 成渝特区 废气处理,2024-11-08
688262.XSHG,国芯科技科,09:32,09:32,27.89,1,20.01,国产芯片,国产芯片 公司研发的量子安全芯片和量更多...,汽车芯片 MCU芯片 国家大基金持股 芯片概念 汽车电子 数字货币 边缘计算 电子身份证 东数西算(算力) 比亚迪概念 量子科技 信创 先进封装 存储芯片 星闪概念 长安汽车概念 车联网(车路协同) 数据安全 无人驾驶 网络安全 数据存储 芯片设计,2024-11-08
000757.XSHE,浩物股份,09:34,09:34,4.22,1,9.9,新能源汽车,新能源汽车 公司为赛力斯问界M7及其他更多...,长安汽车概念 比亚迪概念 新能源汽车 华为汽车 疫苗存储 空气净化 二手车,2024-11-08
600841.XSHG,动力新科,09:34,09:34,6.67,3,10.07,上海国企改革,上海国企改革 上海汽车工业集团旗下；公司更多...,换电概念 无人驾驶 工业4.0 上海国企改革 氢能源 新能源汽车 国企改革 智能制造 工业互联网 汽车芯片 地方国企改革 汽车制造概念 含B股,2024-11-08
002298.XSHE,中电兴发,09:35,09:35,5.75,1,9.94,信创,国产软件 公司主营电气设备及智慧城市更多...,智慧政务 数据安全 云计算 智能电网 充电桩 安防 无人机 PPP概念 5G 智慧城市 边缘计算 国产软件 储能 军工 碳中和 数据中心 数字乡村 虚拟电厂 信创 数字经济 电子商务 高铁 华为概念 AIGC概念 人工智能 物联网 大数据 东数西算(算力) 智能交通 时空大数据 工业互联网 网络安全 消费电子概念 人脸识别 数据要素 电力物联网 传感器 无线充电 智能制造 机器视觉 军工信息化 光伏建筑一体化 轨道交通 数据存储 光纤 安徽自贸区 共享汽车 共享经济 反恐 锌电池 元器件,2024-11-08
300173.XSHE,福能东方,09:34,09:36,5.86,1,20.08,锂电池,新能源汽车 公司向宁德时代销售包装机、更多...,新型工业化 智能制造 新能源汽车 锂电池概念 无线耳机 宁德时代概念 数据中心 国企改革 算力租赁 华为概念 LG概念 地方国企改革 锂电设备 工业机器人 3D玻璃 环保包装 广东国企改革,2024-11-08
601828.XSHG,美凯龙,09:25,09:36,4.0,2,9.89,房地产,房地产 家具平台龙头，此前建发股份更多...,网络直播 新零售 国企改革 腾讯概念 阿里巴巴概念 标普道琼斯A股 进口博览会 地方国企改革 参股新股,2024-11-08
002290.XSHE,禾盛新材,09:37,09:37,16.74,1,9.99,其他,其他 国内知名的家电用复合材料生更多...,家用电器 文化传媒概念 股权转让 人工智能 智能制造,2024-11-08
002622.XSHE,皓宸医疗,09:38,09:38,3.21,1,9.93,医药,医药 控股子公司德伦医疗是华南地更多...,牙科医疗 民营医院 智能医疗 智能电网 参股银行 健康中国 医美概念,2024-11-08
600110.XSHG,诺德股份,09:38,09:38,4.94,2,10.02,新能源汽车,新能源汽车 锂电铜箔占有率行业领先企业更多...,固态电池 锂电池概念 宁德时代概念 新能源汽车 特斯拉概念 核电 MSCI概念 比亚迪概念 PET铜箔 光伏概念 PCB概念 LG概念 覆铜板概念 中国科学院系,2024-11-08
603918.XSHG,金桥信息,09:38,09:38,13.79,1,9.97,华为产业链,国产软件 多媒体信息系统领先企业；公更多...,数据确权 智慧政务 云办公 上海自贸区 华为概念 蚂蚁金服概念 信创 Web3.0 在线教育 人工智能 互联网金融 智能医疗 金融科技 智慧党建,2024-11-08
002383.XSHE,合众思壮,09:39,09:39,9.25,1,9.99,军工,军工 公司实控人河南省财政厅，旗更多...,时空大数据 卫星导航 低空经济 智能交通 智慧城市 芯片概念 大数据 标普道琼斯A股 华为概念 无人驾驶 北交所概念 数字乡村 车联网(车路协同) 新型城镇化 水利 农机 国企改革 数字经济 智慧灯杆 电子商务 无人机 商业航天 国产软件 地方国企改革 河南国企改革 航空航天 遥感技术,2024-11-08
600619.XSHG,海立股份,09:34,09:39,18.62,5,9.98,上海国企改革,上海国企改革 公司为上海微电子装备集团设更多...,空气能热泵 家用电器 冷链物流 上海国企改革 新能源汽车 汽车热管理 国企改革 比亚迪概念 光刻机 上海自贸区 智能制造 2024中报预增 地方国企改革 北汽新能源 含B股,2024-11-08
601698.XSHG,中国卫通,09:39,09:39,22.44,1,10.0,卫星互联网,卫星互联网 我国唯一拥有通信卫星资源且更多...,商业航天 军工 6G概念 一带一路 中字头股票 国企改革 低空经济 央企国企改革 2024中报预增,2024-11-08
002651.XSHE,利君股份,09:41,09:41,8.09,1,10.07,军工,军工 公司全资子公司成都德坤航空更多...,商业航天 成飞概念 大飞机 高端装备 节能环保 军工 无人机 通用航空 军民融合 机器人概念 航空航天,2024-11-08
603116.XSHG,红蜻蜓,09:41,09:41,5.74,1,9.96,大消费,大消费 公司为国内优质鞋企，在第三更多...,新零售 电子商务 C2M概念 跨境电商 高股息精选 参股民营银行,2024-11-08
600536.XSHG,中国软件,09:44,09:45,65.7,2,9.99,国产软件,国产软件 公司拥有完整的从操作系统等更多...,华为欧拉 国产操作系统 信创 中字头股票 云计算 国产软件 网络安全 智慧城市 标普道琼斯A股 MSCI概念 数字经济 电子身份证 京津冀一体化 参股新三板 数据安全 乡村振兴 国企改革 华为概念 数据中心 央企国企改革 财税数字化 智慧政务 北京自贸区 智慧党建 参股新股,2024-11-08
600653.XSHG,申华控股,09:30,09:45,2.73,2,10.08,国企改革,国企改革 实控人沈阳市国资委，公司主更多...,职业教育 垃圾分类 国企改革 光伏概念 物业管理 地方国企改革 二手车 汽车关税下调 辽宁国企改革,2024-11-08
002848.XSHE,高斯贝尔,09:46,09:46,10.13,1,9.99,国企改革,5G 公司微波介质陶瓷天线是微波更多...,数字经济 华为概念 智能家居 5G 超清视频 军工 PCB概念 卫星导航 医疗器械概念 国企改革 新材料概念 新基建 覆铜板概念 地方国企改革,2024-11-08
300379.XSHE,东方通创,09:49,09:49,20.0,1,19.98,华为产业链,华为产业链 公司是华为战略合作伙伴，生更多...,数据安全 华为鲲鹏 华为欧拉 国产软件 云计算 大数据 网络安全 人工智能 军工 5G 华为概念 ETC 区块链 工业互联网 国产操作系统 跨境支付(CIPS) 信创 职业教育 智慧政务 虚拟现实 数据确权 阿里巴巴概念 AIGC概念 ChatGPT概念 数据要素 多模态AI 军工信息化 车联网(车路协同) 密码安全管理 机器学习,2024-11-08
301222.XSHE,浙江恒威,09:49,09:49,31.55,1,20.01,其他,其他 公司专业从事高性能环保锌锰更多...,智能制造 人民币贬值受益 工业互联网 外贸受益概念,2024-11-08
002765.XSHE,蓝黛科技,09:38,09:53,12.39,7,10.04,新能源汽车,新能源汽车 行业内生产变速器总成的规模更多...,长安汽车概念 减速器 华为汽车 军工 虚拟现实 新能源汽车 比亚迪概念 智能座舱 低空经济 成渝特区 触摸屏,2024-11-08
002826.XSHE,易明医药,09:55,09:55,11.35,1,9.98,医药,医药 公司生产的适用于2型糖尿病更多...,仿制药一致性评价 2024中报预增 仿制药 医保目录 中医药,2024-11-08
688656.XSHG,浩欧博科,09:35,09:55,114.84,1,20.0,股权转让,股权转让 中国生物制药拟收购公司最多更多...,,2024-11-08
688691.XSHG,灿芯股份科,09:57,09:57,64.98,1,20.0,国产芯片,国产芯片 公司是全球第五、境内第二的更多...,科创次新股 存储芯片 集成电路概念 注册制次新股 新股与次新股 专精特新 芯片概念 上海自贸区 5G 卫星导航,2024-11-08
603360.XSHG,百傲化学,09:39,10:01,24.94,1,10.01,资产重组,国产芯片 全资子公司芯傲华拟以7亿元更多...,化学制品（行业） 芯片概念 消毒剂,2024-11-08
603131.XSHG,上海沪工,09:41,10:06,20.5,1,9.98,卫星互联网,卫星互联网 公司的航天业务板块由两部分更多...,商业航天 卫星导航 军工 工业4.0 机器人概念 新能源汽车 长三角一体化 海工装备 专精特新 智能制造 工业母机 工业机器人,2024-11-08
002796.XSHE,世嘉科技,10:09,10:09,12.5,1,10.04,5G,5G 1、行业内为数不多同时拥有更多...,6G概念 5G 军工 医疗器械概念 储能 2024中报预增 射频器 电梯概念 通信基站,2024-11-08
002889.XSHE,东方嘉盛,10:09,10:09,23.17,1,10.02,光刻机（胶,国产芯片 公司与国际头部芯片光刻机厂更多...,光刻机 人工智能 华为概念 跨境电商 大数据 电子商务 智能物流 供应链金融 特斯拉概念 冷链物流 生物疫苗 统一大市场 自由贸易港 一带一路 数字经济 机器人概念 快递,2024-11-08
688584.XSHG,上海合晶科,10:09,10:09,20.93,1,20.01,国产芯片,国产芯片 公司主要产品为半导体硅外延更多...,,2024-11-08
600936.XSHG,广西广电,10:14,10:14,3.45,1,9.87,其他,其他 1、公司拥有融合媒体云平台更多...,文化传媒概念 数字乡村 大数据 国企改革 乡村振兴 广播电视 地方国企改革,2024-11-08
603283.XSHG,赛腾股份,09:47,10:18,78.63,1,10.0,苹果产业链,苹果产业链 1、公司主营自动化组装、检更多...,同花顺果指数 无线耳机 苹果概念 工业4.0 芯片概念 标普道琼斯A股 集成电路概念 特斯拉概念 新能源汽车 锂电池概念 英伟达概念 新型工业化 芯片封装测试,2024-11-08
688653.XSHG,康希通信科,10:20,10:20,16.73,1,20.01,车联网/车路云,国产芯片 公司主要从事Wi-Fi射频更多...,科创次新股 注册制次新股 星闪概念 芯片概念 物联网 智能家居 新股与次新股 WiFi 6 车联网(车路协同) 集成电路概念 智能音箱 专精特新 上海自贸区,2024-11-08
600518.XSHG,康美药业,09:25,10:21,2.57,2,9.83,医药,医药 国内中医药产业中业务链条较更多...,2024中报预增 互联网医疗 生物医药 流感 民营医院 健康中国 医疗器械概念 医药电商 摘帽 维生素 贸易战受益股 儿童医药医疗 融资租赁 中医药 医保目录 人参 冬虫夏草,2024-11-08
603068.XSHG,博通集成,10:30,10:30,28.99,1,10.02,国产芯片,国产芯片 公司主营无线通讯集成电路芯更多...,汽车芯片 MCU芯片 集成电路概念 芯片概念 ETC 上海自贸区 无人机 华为概念 无线耳机 卫星导航 物联网 智能交通 消费电子概念 小米概念 WiFi 6 无人驾驶 智能音箱 星闪概念 毫米波雷达 人工智能 智能家居 传感器 鸿蒙概念,2024-11-08
002348.XSHE,高乐股份,09:30,10:31,4.09,3,9.95,大消费,大消费 国内电子电动塑胶玩具出口龙更多...,在线教育 人工智能 三胎概念 3D打印 股权转让 固态电池 跨境电商 钠离子电池 盲盒 IP概念 服务机器人 迪士尼,2024-11-08
688530.XSHG,欧莱新材科,10:21,10:31,22.06,1,20.02,国产芯片,国产芯片 公司主营业务为高性能溅射靶更多...,科创次新股 注册制次新股 专精特新 新股与次新股 PET铜箔 新材料概念 HJT电池 光伏概念,2024-11-08
002685.XSHE,华东重机,09:58,10:44,8.21,1,10.05,资产重组,资产重组 1、公司拟收购锐信图芯股权更多...,工业母机 高端装备 新型工业化 航运概念 工业4.0 一带一路 机器人概念 光伏概念 TOPCON电池 智能制造 股权转让 2024中报预增 芯片概念 机械装备,2024-11-08
301269.XSHE,华大九天,10:33,10:48,124.62,1,20.0,国产芯片,国产芯片 国产EDA龙头，大股东为中更多...,国家大基金持股 集成电路概念 先进封装 华为概念 专精特新 小米概念 信创 EDA设计软件,2024-11-08
002501.XSHE,利源股份,10:49,10:53,1.87,1,10.0,苹果产业链,苹果产业链 1、苹果笔记本电脑外壳及主更多...,光伏概念 新能源汽车 军工 轨道交通 有色铝,2024-11-08
603052.XSHG,可川科技,09:33,10:55,46.46,1,9.99,华为产业链,华为产业链 1、公司主营功能性器件的研更多...,新能源汽车 锂电池概念 宁德时代概念 消费电子概念 共封装光学(CPO) OLED 固态电池,2024-11-08
300991.XSHE,创益通创,10:56,10:56,22.73,1,20.01,铜缆高速连接器,5G 1、连接器行业优势企业；公更多...,铜缆高速连接 消费电子概念 5G 小米概念 新能源汽车 专精特新 比亚迪概念 工业母机 数据存储 通信基站,2024-11-08
603859.XSHG,能科科技,10:05,11:06,34.33,1,10.0,机器人,机器人 公司为客户提供以工业互联网更多...,军工信息化 信创 国产软件 军民融合 工业4.0 工业互联网 军工 数字孪生 华为概念 智能制造 大飞机 数字经济 新型工业化 大数据 AIGC概念 人工智能 5G ChatGPT概念 高端装备 数据要素 商业航天 核电 轨道交通 能源互联网,2024-11-08
002165.XSHE,红宝丽,11:09,11:09,4.46,1,10.12,低价股,国产芯片 公司一异丙醇胺可用于电子化更多...,化学制品（行业） 环氧丙烷 光刻胶 新材料概念 建筑节能 壳资源 2024中报预增,2024-11-08
000608.XSHE,阳光股份,09:25,11:18,3.03,2,10.18,房地产,房地产 北京、成都的小地产商，业态更多...,,2024-11-08
000639.XSHE,西王食品,09:25,11:24,5.15,5,10.04,大消费,大消费 公司主营西王牌系列健康食用更多...,新零售 NMN概念 体育产业 健康中国 阿里巴巴概念 标普道琼斯A股 维生素 2024中报预增 食用油 保健品,2024-11-08
000977.XSHE,浪潮信息,10:55,11:27,51.71,1,10.0,东数西算/算力,东数西算/算力 1、浪潮AI服务器市场份额更多...,液冷服务器 英伟达概念 国产操作系统 云计算 国产软件 智慧城市 人工智能 抖音概念 边缘计算 标普道琼斯A股 MSCI概念 数据中心 东数西算(算力) 国资云 元宇宙 信创 AIGC概念 国企改革 百度概念 算力租赁 无人驾驶 车联网(车路协同) 2024中报预增 美团概念股 地方国企改革 网易概念 机器学习 数据存储 国产替代 IPV6 超级计算机 山东国企改革,2024-11-08
001379.XSHE,腾达科技,09:31,11:29,30.2,2,10.02,其他,卫星互联网 1、公司高温合金、特种合金更多...,商业航天 核电 智能制造 注册制次新股 新股与次新股 人民币贬值受益,2024-11-08
000066.XSHE,中国长城,09:48,13:00,22.36,3,9.99,国产芯片,国产芯片 1、公司参与承担的新一代人更多...,芯片概念 国产操作系统 集成电路概念 网络安全 车联网(车路协同) 军民融合 军工 锂电池概念 区块链 人工智能 智慧城市 大数据 云计算 海工装备 互联网医疗 国产软件 华为概念 标普道琼斯A股 MSCI概念 量子科技 数据中心 5G 卫星导航 汽车电子 中字头股票 钠离子电池 分拆上市意愿 东数西算(算力) 数字经济 粤港澳大湾区 信创 国企改革 数据安全 液冷服务器 华为鲲鹏 AI PC 央企国企改革 谷歌概念 挖矿设备 TMT,2024-11-08
002196.XSHE,方正电机,09:49,13:00,6.29,1,9.97,新能源汽车,新能源汽车 新能源汽车驱动电机领先厂商更多...,共同富裕示范区 新能源汽车 机器人概念 特斯拉概念 国企改革 扁线电机 小鹏汽车概念 蔚来汽车概念 国六概念 地方国企改革 电机电控 新能源物流车 小额贷款 节能电机,2024-11-08
605218.XSHG,伟时电子,13:00,13:00,31.11,2,10.01,其他,其他 1、公司已开展将热弯曲面玻更多...,消费电子概念 虚拟现实 比亚迪概念 特斯拉概念 MiniLED OLED 汽车电子 长安汽车概念 facebook概念,2024-11-08
002652.XSHE,扬子新材,10:38,13:04,3.59,1,10.12,其他,其他 公司主营有机涂层板及其基板更多...,雄安新区 新材料概念 2024中报预增,2024-11-08
600666.XSHG,奥瑞德,09:34,13:04,2.81,2,10.2,东数西算/算力,东数西算/算力 1、公司全资子公司投资建设更多...,ST板块 算力租赁 东数西算(算力) 高端装备 OLED 黑龙江自贸区 2024中报预增 3D玻璃 蓝宝石,2024-11-08
600732.XSHG,爱旭股份,09:34,13:06,14.11,1,9.98,光伏,光伏 全球太阳能电池的主要供应商更多...,BC电池 TOPCON电池 光伏概念,2024-11-08
600345.XSHG,长江通信,13:13,13:13,21.15,1,9.98,光纤概念,光纤概念 公司参股公司长飞光纤是世界更多...,智能交通 车联网(车路协同) 智慧城市 5G 卫星导航 标普道琼斯A股 国企改革 人工智能 数据要素 华为概念 央企国企改革 VR设备 光纤光缆 武汉自贸区 宽带中国 光纤,2024-11-08
605398.XSHG,新炬网络,13:15,13:15,19.64,1,10.03,华为产业链,华为产业链 公司是一家以IT数据中心运更多...,国产软件 信创 数字经济 大数据 华为概念 数据中心 华为鲲鹏 长三角一体化 人工智能 百度概念 MLOps概念 阿里巴巴概念,2024-11-08
000716.XSHE,黑芝麻,09:25,13:16,7.87,6,10.07,大消费,大消费 1、我国糊类食品龙头企业；更多...,网红经济 网络直播 跨境电商 参股新三板 电子商务 锂电池概念 农业种植 乡村振兴 新能源汽车 粮食概念 一带一路 储能 新零售,2024-11-08
301578.XSHE,辰奕智能,13:02,13:16,63.76,1,20.01,机器人,机器人 1、公司生产的掌控板产品主更多...,注册制次新股 消费电子概念 小米概念 华为概念 智能家居 新股与次新股 人脸识别 人民币贬值受益 鸿蒙概念 星闪概念 物联网 机器人概念 家用电器,2024-11-08
688549.XSHG,中巨芯科,13:00,13:16,11.18,1,19.96,国产芯片,国产芯片 公司主要从事电子湿化学品、更多...,光刻胶 国家大基金持股 先进封装 科创次新股 注册制次新股 新股与次新股 中芯国际概念 集成电路概念 芯片概念,2024-11-08
603887.XSHG,城地香江,13:15,13:19,15.65,1,9.98,股权转让,股权转让 1、子公司香江科技主营ID更多...,算力租赁 腾讯概念 云计算 PPP概念 边缘计算 华为概念 阿里巴巴概念 数据中心 东数西算(算力),2024-11-08
600467.XSHG,好当家,09:31,13:22,2.86,2,10.0,大消费,大消费 公司为海参养殖龙头，拥有国更多...,新零售 乡村振兴 预制菜 流感 白酒概念 海洋经济,2024-11-08
002077.XSHE,大港股份,13:25,13:25,16.27,1,10.01,国产芯片,国产芯片 公司旗下艾科半导体作为国内更多...,汽车芯片 存储芯片 集成电路概念 节能环保 锂电池概念 芯片概念 创投 固废处理 先进封装 国企改革 激光 地方国企改革 芯片封装测试,2024-11-08
601727.XSHG,上海电气,09:51,13:27,12.3,1,10.02,资产重组,资产重组 公司拟30.82亿收购上海更多...,风电 债转股(AMC概念) 核电 高端装备 上海国企改革 一带一路 工业4.0 智能交通 独角兽概念 充电桩 机器人概念 燃料电池 分拆上市意愿 标普道琼斯A股 固废处理 航空发动机 大飞机 储能 氢能源 证金持股 工业母机 智能制造 超超临界发电 钒电池 国企改革 减速器 光伏概念 特高压 轨道交通 地方国企改革 人造太阳 海水淡化 太阳能 中巴经济走廊 融资租赁 海上风电 节能电机 参股新股,2024-11-08
000670.XSHE,盈方微,13:28,13:28,7.43,1,10.07,国产芯片,国产芯片 1、公司为Fabless模更多...,芯片概念 存储芯片 集成电路概念 智能穿戴 虚拟现实 小米概念 人民币贬值受益 国产软件 台湾概念股 芯片设计,2024-11-08
002681.XSHE,奋达科技,09:51,13:29,5.82,1,10.02,智能手表,华为产业链 公司产品包括智能手环、智能更多...,虚拟现实 华为概念 小米概念 智能穿戴 智能音箱 消费电子概念 互联网医疗 标普道琼斯A股 无线耳机 传感器 无线充电 机器人概念 人民币贬值受益 储能 血氧仪 智能家居 家用电器 电子商务 阿里巴巴概念 智能制造 新零售 体育产业 汽车电子 中俄贸易概念 人形机器人 跨境电商 人工智能 VR设备 智能手表,2024-11-08
002222.XSHE,福晶科技,09:50,13:33,35.23,1,9.99,国产芯片,国产芯片 1、公司曾通过欧洲代理选A更多...,虚拟现实 华为概念 无人驾驶 国企改革 人民币贬值受益 福建自贸区 激光 激光器 中国科学院系 元器件,2024-11-08
002693.XSHE,双成药业,13:34,13:34,30.78,1,10.01,国产芯片,国产芯片 公司拟收购奥拉股份，跨界转更多...,CRO概念 阿尔茨海默概念 辅助生殖 海南自贸区 肝炎概念 生物医药 抗肿瘤 仿制药 医保目录 抗癌 多肽药,2024-11-08
605298.XSHG,必得科技,13:32,13:34,13.26,1,10.04,其他,其他 轨道交通车辆配套领域领先企更多...,高铁 高端装备 专精特新 轨道交通,2024-11-08
002199.XSHE,东晶电子,10:46,13:35,10.71,1,9.96,股权转让,股权转让 第一大股东协议转让股份，公更多...,智能制造 壳资源 元器件,2024-11-08
002981.XSHE,朝阳科技,13:38,13:41,23.96,1,10.01,手机产业链,手机产业链 1、公司主营耳机和电声产品更多...,苹果概念 消费电子概念 无线耳机 小米概念 智能穿戴 虚拟现实 无人机 医疗器械概念 三星,2024-11-08
600279.XSHG,重庆港,13:42,13:43,5.02,1,10.09,国企改革,国企改革 重庆两江新区管委会旗下，公更多...,统一大市场 一带一路 国企改革 民爆概念 地方国企改革 航运港口 重庆自贸区 黄金水道 成渝特区 重庆国企改革,2024-11-08
002855.XSHE,捷荣技术,13:49,13:51,29.43,2,10.02,手机产业链,手机产业链 公司专注于精密模具、精密结更多...,消费电子概念 无线耳机 智能穿戴 华为概念 虚拟现实 智能制造 智能家居 储能 风电 VR设备 三星,2024-11-08
600481.XSHG,双良节能,13:18,13:51,7.51,1,9.96,光伏,光伏 还原炉设备龙头；公司光伏新更多...,硅能源 光热发电 光伏概念 节能环保 高端装备 工业4.0 工业互联网 碳中和 氢能源 超超临界发电 专精特新 液冷服务器 多晶硅 碳化硅 余热发电 空气净化 美丽中国 能源互联网 绿色消费 地热能,2024-11-08
002816.XSHE,和科达,13:54,13:54,18.47,1,10.01,手机产业链,手机产业链 国内清洗设备龙头，手机产业更多...,污水处理 ST板块 高压快充,2024-11-08
002456.XSHE,欧菲光,13:53,13:55,17.34,1,10.03,手机产业链,手机产业链 1、此前在Mate 60系更多...,消费电子概念 汽车电子 MR(混合现实) 小米概念 人脸识别 虚拟现实 OLED 智慧城市 车联网(车路协同) MSCI概念 华为概念 柔性屏(折叠屏) 标普道琼斯A股 传感器 无人驾驶 元宇宙 机器人概念 毫米波雷达 星闪概念 机器视觉 智能座舱 智能家居 2024中报预增 医疗器械概念 TOF镜头 增强现实 雷达 台湾概念股 屏下指纹技术 虹膜识别 智能汽车,2024-11-08
002849.XSHE,威星智能,09:58,13:57,17.82,1,10.0,东数西算/算力,东数西算/算力 1、公司主营IC卡智能燃气更多...,华为概念 物联网 专精特新 天然气 动力电池回收 锂电池概念 新基建 物联网应用层 SAAS 智能表,2024-11-08
600966.XSHG,博汇纸业,13:25,14:03,5.38,1,10.02,其他,其他 白卡纸龙头(选股宝)更多...,2024中报预增 以纸代塑概念 纸浆 人民币升值,2024-11-08
688172.XSHG,燕东微科,14:15,14:18,24.55,1,19.99,国产芯片,国产芯片 公司是一家集芯片设计、晶圆更多...,集成电路概念 芯片概念 国家大基金持股 国企改革 传感器 第三代半导体 地方国企改革 碳化硅 北京国企改革 参股新股,2024-11-08
603988.XSHG,中电电机,13:54,14:24,16.54,1,9.97,资产重组,资产重组 1、实控人拟由宁波君拓变为更多...,,2024-11-08
002992.XSHE,宝明科技,09:32,14:29,66.06,1,10.01,锂电池,锂电池 公司拥有PET复合铜箔产品更多...,PET铜箔 锂电池概念 无人机 消费电子概念 华为概念 MiniLED 小米概念 虚拟现实 比亚迪概念 新能源汽车 智能座舱 锂电原料,2024-11-08
002229.XSHE,鸿博股份,10:01,14:30,15.9,1,10.03,东数西算/算力,东数西算/算力 全资子公司英博数科是北京·更多...,数字水印 互联网彩票 算力租赁 世界杯 区块链 体育产业 人工智能 数字经济 Web3.0 云计算 东数西算(算力) ChatGPT概念 AIGC概念 元宇宙 虚拟数字人 英伟达概念 数据中心 福建自贸区 数据要素 金融IC 人民币升值,2024-11-08
002134.XSHE,天津普林,09:31,14:32,21.93,2,9.98,其他,其他 公司主要从事印制电路板的研更多...,PCB概念 柔性屏(折叠屏) 军工 大飞机 专精特新 天津自贸区,2024-11-08
688010.XSHG,福光股份科,13:29,14:33,33.36,1,20.0,光刻机（胶）,光刻机（胶） 公司向华为公司供应光学镜头更多...,安防 华为概念 专精特新 军工 军民融合 区块链 超清视频 福建自贸区,2024-11-08
600769.XSHG,祥龙电业,09:40,14:44,13.21,1,9.99,资产重组,资产重组 公司实控人武汉东湖新技术开更多...,国企改革 地方国企改革 湖北国企改革,2024-11-08
600834.XSHG,申通地铁,10:33,14:45,9.75,1,10.05,上海国企改革,上海国企改革 上海申通地铁集团旗下；公司更多...,上海国企改革 光伏建筑一体化 国企改革 充电桩 无人驾驶 EDA设计软件 轨道交通 地方国企改革,2024-11-08
000793.XSHE,华闻集团,09:32,14:46,3.33,3,9.9,海南自由贸易港,海南自由贸易港 1、公司主要从事传媒业务及更多...,信创 区块链 数字经济 文化传媒概念 参股券商 车联网(车路协同) 海南自贸区 创投 边缘计算 超清视频 标普道琼斯A股 网红经济 网络游戏 抖音概念 语音技术 网约车 债转股(AMC概念) 旅游概念 人工智能 农业种植 乡村振兴 举牌 TMT 海南旅游岛,2024-11-08
300380.XSHE,安硕信息,09:31,14:46,63.34,2,20.01,大金融,大金融 金融IT解决方案提供商，向更多...,信创 国产软件 鸿蒙概念 大数据 百度概念 华为概念 数据要素 数字经济 征信,2024-11-08
300762.XSHE,上海瀚讯,10:21,14:46,29.1,1,20.0,军工,军工 1、军用宽带通信系统主要研更多...,商业航天 军工信息化 军民融合 军工 智慧城市 国产软件 芯片概念 无人机 5G 专精特新 中国科学院系,2024-11-08
000518.XSHE,四环生物,09:54,14:47,3.4,2,10.03,医药,医药 国内最早从事生物医药的公司更多...,肝炎概念 生物医药 医疗器械概念 新型城镇化 体外诊断 登革热 抗癌 医保目录 干细胞,2024-11-08
000415.XSHE,渤海租赁,10:02,14:48,4.82,1,10.05,大金融,大金融 公司主营业务为租赁业，包括更多...,飞行汽车(eVTOL) 通用航空 低空经济 雄安新区 标普道琼斯A股 MSCI概念 集装箱 航空租赁 融资租赁 海航系,2024-11-08
600829.XSHG,人民同泰,09:59,14:48,7.71,1,9.99,医药商业,医药 黑龙江省内最大的医药商业公更多...,健康中国 民营医院 冷链物流 流感 医疗器械概念 黑龙江自贸区 振兴东北,2024-11-08
000839.XSHE,中信国安,10:03,14:51,3.95,1,10.03,国企改革,国企改革 中国中信集团旗下，公司主要更多...,人工智能 创投 文化传媒概念 虚拟现实 国企改革 摘帽 中字头股票 2024中报预增 广播电视 富媒体 VR直播 参股新股,2024-11-08
002663.XSHE,普邦股份,14:06,14:52,2.43,2,9.95,房地产,房地产 地产园林龙头；公司主要为住更多...,PPP概念 新型城镇化 污水处理 互联网金融 区块链 文化传媒概念 横琴新区 网红经济 粤港澳大湾区 养老概念 2024中报预增 数字营销 园林开发 美丽中国,2024-11-08
601606.XSHG,长城军工,14:17,14:52,14.01,1,9.97,军工,军工 安徽省国资委旗下，公司为老更多...,军民融合 军工 国企改革 新能源汽车 央企国企改革 中兵系,2024-11-08
002792.XSHE,通宇通讯,09:42,14:53,15.2,1,9.99,卫星互联网,5G 公司卫星通信相关产品重点研更多...,F5G概念 6G概念 WiFi 6 5G 华为概念 标普道琼斯A股 中俄贸易概念 汽车电子 华为汽车 储能 无人驾驶 卫星导航 共封装光学(CPO) 毫米波雷达 一带一路 杭州亚运会 换电概念 虚拟电厂 铜缆高速连接 商业航天 射频器 基站天线 基站射频 通信基站,2024-11-08
000795.XSHE,英洛华,09:35,14:55,13.27,7,10.03,公告,公告 1、公司1.2亿元收购全方更多...,稀土永磁 小金属概念 新材料概念 新能源汽车 苹果概念 军工 养老概念 比亚迪概念 专精特新 风电 减速器 医疗器械概念 机器人概念 2024中报预增,2024-11-08
002374.XSHE,中锐股份,09:25,14:55,3.5,2,10.06,大消费,大消费 公司设立子公司贵宴樽酒业(更多...,区块链 PPP概念 污水处理 白酒概念 海绵城市 园林开发 美丽中国,2024-11-08
600760.XSHG,中航沈飞,09:56,14:55,61.07,1,10.0,军工,军工 公司是沈飞集团整体上市平台更多...,大飞机 军民融合 军工 高端装备 MSCI概念 标普道琼斯A股 无人机 同花顺漂亮100 中字头股票 国企改革 同花顺中特估100 央企国企改革 中航系 航空航天 反恐,2024-11-08
688502.XSHG,茂莱光学科,14:53,14:55,305.99,1,20.0,光刻机（胶）,光刻机（胶） 公司为精密光学综合解决方案更多...,光刻机 光刻胶 芯片概念 专精特新 无人驾驶 机器视觉 平安资管持股,2024-11-08
002086.XSHE,东方海洋,09:25,14:56,3.3,3,10.0,大农业,大农业 公司主要从事海水苗种繁育、更多...,幽门螺杆菌概念 健康中国 基因测序 食品安全 预制菜 抗原检测 摘帽 胶原蛋白 体外诊断,2024-11-08
002248.XSHE,华东数控,10:28,14:56,10.34,1,10.0,智能制造,智能制造 国内少数同时具备生产数控机更多...,工业母机 高端装备 新型工业化 智能制造 铁路基建,2024-11-08
300201.XSHE,海伦哲创,10:12,14:56,5.82,1,20.0,机器人,机器人 1、参股公司新宇智能是国内更多...,核污染防治 工业互联网 工业4.0 机器人概念 军工 锂电池概念 军民融合 智能电网 电力物联网 分拆上市意愿 工业机器人 消防装备,2024-11-08
600692.XSHG,亚通股份,09:25,14:56,8.7,3,9.99,大农业,大农业 1、上海崇明国资委旗下房地更多...,土地流转 上海国企改革 光伏建筑一体化 生态农业 创投 粮食概念 光伏概念 国企改革 文化传媒概念 农业种植 乡村振兴 新零售 绿色电力 2024中报预增 地方国企改革 保障房 农信社改革 美丽中国 村镇银行,2024-11-08
